/*
Navicat MySQL Data Transfer

Source Server         : 188.40.105.14
Source Server Version : 50549
Source Host           : 188.40.105.14:3306
Source Database       : scms_db

Target Server Type    : MYSQL
Target Server Version : 50549
File Encoding         : 65001

Date: 2016-08-03 20:05:23
*/

SET FOREIGN_KEY_CHECKS=0;

-- ----------------------------
-- Table structure for category
-- ----------------------------
DROP TABLE IF EXISTS `category`;
CREATE TABLE `category` (
  `id` int(11) NOT NULL AUTO_INCREMENT,
  `categorytype_id` int(11) DEFAULT NULL,
  `title` varchar(255) DEFAULT NULL,
  `alias` varchar(255) DEFAULT NULL,
  `path` varchar(255) DEFAULT NULL,
  `fileName` varchar(255) DEFAULT NULL,
  `function` int(11) DEFAULT NULL,
  `published` tinyint(1) DEFAULT '0' COMMENT 'The published state of the menu link.',
  `params` text,
  `lang` varchar(32) DEFAULT 'ru',
  PRIMARY KEY (`id`)
) ENGINE=InnoDB AUTO_INCREMENT=43 DEFAULT CHARSET=utf8;

-- ----------------------------
-- Records of category
-- ----------------------------
INSERT INTO `category` VALUES ('1', '2', 'Only file', null, null, 'only_file', null, '1', null, 'ru');
INSERT INTO `category` VALUES ('2', '2', 'Static', null, null, 'static_one', null, '1', '{\"aside\":\"left\"}', 'ru');
INSERT INTO `category` VALUES ('3', '2', 'Articles', 'articles', null, 'category_one', null, '1', '{\"aside\":\"left\",\"noPath\":false}', 'ru');
INSERT INTO `category` VALUES ('4', '2', 'News', 'news', null, 'category_one', null, '1', '{\"aside\":\"right\",\"noPath\":false}', 'ru');
INSERT INTO `category` VALUES ('5', '2', 'Blog', 'blog', null, 'category_one', null, '1', '{\"aside\":\"right\",\"noPath\":false}', 'ru');
INSERT INTO `category` VALUES ('10', '3', 'Строительство', 'stroitelstvo', '/stroitelstvo/', 'category_one', null, '1', '{\"aside\":\"right\",\"noPath\":true}', 'ru');
INSERT INTO `category` VALUES ('11', '3', 'Окна', 'okna', '/stroitelstvo/okna/', 'category_one', null, '1', '{\"aside\":\"right\",\"noPath\":true}', 'ru');
INSERT INTO `category` VALUES ('12', '3', 'Двери', 'dveri', '/stroitelstvo/dveri/', 'category_one', null, '1', '{\"aside\":\"right\",\"noPath\":true}', 'ru');
INSERT INTO `category` VALUES ('13', '3', 'Крыша', 'krysha', '/stroitelstvo/krysha/', 'category_one', null, '1', '{\"aside\":\"right\",\"noPath\":true}', 'ru');
INSERT INTO `category` VALUES ('14', '3', 'Стены', 'steny', '/stroitelstvo/steny/', 'category_one', null, '1', '{\"aside\":\"right\",\"noPath\":true}', 'ru');
INSERT INTO `category` VALUES ('15', '3', 'Пластиковые', 'plastikovye', '/stroitelstvo/okna/plastikovye/', 'category_one', null, '1', '{\"aside\":\"right\",\"noPath\":false}', 'ru');
INSERT INTO `category` VALUES ('16', '3', 'Деревянные', 'derevyannye', '/stroitelstvo/okna/derevyannye/', 'category_one', null, '1', '{\"aside\":\"right\",\"noPath\":true}', 'ru');
INSERT INTO `category` VALUES ('17', '3', 'Внутренние', 'vnutrennie', '/stroitelstvo/dveri/vnutrennie/', 'category_one', null, '1', '{\"aside\":\"right\",\"noPath\":true}', 'ru');
INSERT INTO `category` VALUES ('18', '3', 'Внешние', 'vneshnie', '/stroitelstvo/dveri/vneshnie/', 'category_one', null, '1', '{\"aside\":\"right\",\"noPath\":true}', 'ru');
INSERT INTO `category` VALUES ('19', '3', 'Гипсокартон', 'gipsokarton', '/stroitelstvo/steny/gipsokarton/', 'category_one', null, '1', '{\"aside\":\"right\",\"noPath\":true}', 'ru');
INSERT INTO `category` VALUES ('20', '3', 'Стеновые блоки', 'stenovye-bloki', '/stroitelstvo/steny/stenovye-bloki/', 'category_one', null, '1', '{\"aside\":\"right\",\"noPath\":false}', 'ru');
INSERT INTO `category` VALUES ('21', '3', 'Плитка', 'plitka', '/stroitelstvo/steny/plitka/', 'category_one', null, '1', '{\"aside\":\"right\",\"noPath\":true}', 'ru');
INSERT INTO `category` VALUES ('22', '3', 'Шлакоблоки', 'shlakobloki', '/stroitelstvo/steny/stenovye-bloki/shlakobloki/', 'category_one', null, '1', '{\"aside\":\"right\",\"noPath\":true}', 'ru');
INSERT INTO `category` VALUES ('23', '3', 'Пеноблоки', 'penobloki', '/stroitelstvo/steny/stenovye-bloki/penobloki/', 'category_one', null, '1', '{\"aside\":\"right\",\"noPath\":true}', 'ru');
INSERT INTO `category` VALUES ('24', '3', 'Теплоблоки', 'teplobloki', '/stroitelstvo/steny/stenovye-bloki/teplobloki/', 'category_one', null, '1', '{\"aside\":\"right\",\"noPath\":true}', 'ru');
INSERT INTO `category` VALUES ('25', '3', 'Мауэрлат', 'mauerlat', '/stroitelstvo/krysha/mauerlat/', 'category_one', null, '1', '{\"aside\":\"right\",\"noPath\":true}', 'ru');
INSERT INTO `category` VALUES ('26', '3', 'Металлическая', 'metallicheskaya', '/stroitelstvo/krysha/metallicheskaya/', 'category_one', null, '1', '{\"aside\":\"right\",\"noPath\":true}', 'ru');
INSERT INTO `category` VALUES ('27', '3', 'Мягкая кровля', 'myagkaya-krovlya', '/stroitelstvo/krysha/myagkaya-krovlya/', 'category_one', null, '1', '{\"aside\":\"right\",\"noPath\":true}', 'ru');
INSERT INTO `category` VALUES ('28', '3', 'Ондулин', 'ondulin', '/stroitelstvo/krysha/myagkaya-krovlya/ondulin/', 'category_one', null, '1', '{\"aside\":\"right\",\"noPath\":true}', 'ru');
INSERT INTO `category` VALUES ('29', '3', 'Рубероид', 'ruberoid', '/stroitelstvo/krysha/myagkaya-krovlya/ruberoid/', 'category_one', null, '1', '{\"aside\":\"right\",\"noPath\":true}', 'ru');
INSERT INTO `category` VALUES ('30', '3', 'Пластиковый шифер', 'plastikovyj-shifer', '/stroitelstvo/krysha/myagkaya-krovlya/plastikovyj-shifer/', 'category_one', null, '1', '{\"aside\":\"right\",\"noPath\":true}', 'ru');
INSERT INTO `category` VALUES ('31', '3', 'Металлочерепица', 'metallocherepitsa', '/stroitelstvo/krysha/metallicheskaya/metallocherepitsa/', 'category_one', null, '1', '{\"aside\":\"right\",\"noPath\":true}', 'ru');
INSERT INTO `category` VALUES ('32', '3', 'Профнастил', 'profnastil', '/stroitelstvo/krysha/metallicheskaya/profnastil/', 'category_one', null, '1', '{\"aside\":\"right\",\"noPath\":true}', 'ru');
INSERT INTO `category` VALUES ('34', '4', 'Дорожные работы', 'dorozhnye-raboty', '/dorozhnye-raboty/', 'category_one', null, '1', '{\"aside\":\"right\",\"noPath\":true}', 'ru');
INSERT INTO `category` VALUES ('35', '4', 'Подготовительные', 'podgotovitelnye', '/dorozhnye-raboty/podgotovitelnye/', 'category_one', null, '1', '{\"aside\":\"right\",\"noPath\":true}', 'ru');
INSERT INTO `category` VALUES ('36', '4', 'Основные', 'osnovnye', '/dorozhnye-raboty/osnovnye/', 'category_one', null, '1', '{\"aside\":\"right\",\"noPath\":true}', 'ru');
INSERT INTO `category` VALUES ('37', '4', 'Укладка', 'ukladka', '/dorozhnye-raboty/osnovnye/ukladka/', 'category_one', null, '1', '{\"aside\":\"right\",\"noPath\":true}', 'ru');
INSERT INTO `category` VALUES ('38', '4', 'Сложные объекты', 'slozhnye-obekty', '/dorozhnye-raboty/osnovnye/slozhnye-obekty/', 'category_one', null, '1', '{\"aside\":\"right\",\"noPath\":true}', 'ru');
INSERT INTO `category` VALUES ('39', '4', 'Финальные', 'finalnye', '/dorozhnye-raboty/finalnye/', 'category_one', null, '1', '{\"aside\":\"right\",\"noPath\":true}', 'ru');
INSERT INTO `category` VALUES ('40', '2', 'Кейсы', 'cases', '', 'category_one', null, '1', '{\"aside\":\"right\",\"noPath\":true}', 'ru');
INSERT INTO `category` VALUES ('41', '7', 'wwwwwww', null, null, 'category_one', null, '0', '{\"aside\":\"right\",\"noPath\":true}', 'ru');
INSERT INTO `category` VALUES ('42', '7', '3333333', null, null, 'category_one', null, '0', '{\"aside\":\"right\",\"noPath\":true}', 'ru');

-- ----------------------------
-- Table structure for categorytype
-- ----------------------------
DROP TABLE IF EXISTS `categorytype`;
CREATE TABLE `categorytype` (
  `id` int(11) NOT NULL AUTO_INCREMENT,
  `name` varchar(255) DEFAULT NULL,
  `title` varchar(255) DEFAULT NULL,
  `position` varchar(255) DEFAULT NULL,
  `lang` varchar(32) DEFAULT 'ru',
  `params` text,
  `published` tinyint(1) DEFAULT '0',
  PRIMARY KEY (`id`)
) ENGINE=InnoDB AUTO_INCREMENT=8 DEFAULT CHARSET=utf8;

-- ----------------------------
-- Records of categorytype
-- ----------------------------
INSERT INTO `categorytype` VALUES ('1', 'tech', 'TechCat', 'tech', 'ru', '[]', '0');
INSERT INTO `categorytype` VALUES ('2', 'main', 'MainCat', 'tech', 'ru', '[{\"id\":1},{\"id\":2},{\"id\":3},{\"id\":4},{\"id\":5,\"children\":[{\"id\":40}]}]', '0');
INSERT INTO `categorytype` VALUES ('3', 'build', 'Строительство', 'tech', 'ru', '[{\"id\":10,\"children\":[{\"id\":11,\"children\":[{\"id\":15},{\"id\":16}]},{\"id\":12,\"children\":[{\"id\":17},{\"id\":18}]},{\"id\":14,\"children\":[{\"id\":19},{\"id\":20,\"children\":[{\"id\":22},{\"id\":24},{\"id\":23}]},{\"id\":21}]},{\"id\":13,\"children\":[{\"id\":25},{\"id\":26,\"children\":[{\"id\":31},{\"id\":32}]},{\"id\":27,\"children\":[{\"id\":28},{\"id\":29},{\"id\":30}]}]}]}]', '1');
INSERT INTO `categorytype` VALUES ('4', 'road', 'Дорожные работы', 'tech', 'ru', '[{\"id\":34,\"children\":[{\"id\":35},{\"id\":36,\"children\":[{\"id\":37},{\"id\":38}]},{\"id\":39}]}]', '1');
INSERT INTO `categorytype` VALUES ('6', null, null, null, null, '[]', '0');
INSERT INTO `categorytype` VALUES ('7', '111', '222', null, 'ru', '[{\"id\":41},{\"id\":42}]', '1');

-- ----------------------------
-- Table structure for content
-- ----------------------------
DROP TABLE IF EXISTS `content`;
CREATE TABLE `content` (
  `id` int(10) unsigned NOT NULL AUTO_INCREMENT,
  `alias` varchar(255) CHARACTER SET utf8 COLLATE utf8_bin DEFAULT '',
  `published` tinyint(1) DEFAULT '0',
  `favorite` tinyint(1) DEFAULT '0',
  `category_id` int(10) unsigned NOT NULL DEFAULT '0',
  `h1` varchar(255) NOT NULL DEFAULT '',
  `h1Small` varchar(1024) NOT NULL,
  `h1Description` varchar(1024) NOT NULL,
  `introText` mediumtext NOT NULL,
  `full_text` text,
  `fileName` varchar(255) NOT NULL,
  `created` timestamp NOT NULL DEFAULT CURRENT_TIMESTAMP,
  `publish_up` datetime NOT NULL DEFAULT '0000-00-00 00:00:00',
  `publish_down` datetime NOT NULL DEFAULT '0000-00-00 00:00:00',
  `hits` int(10) unsigned NOT NULL DEFAULT '0',
  `image` text NOT NULL,
  `imageThumbnail` text NOT NULL,
  `urls` text NOT NULL,
  `lang` varchar(8) NOT NULL DEFAULT 'ru',
  `params` text NOT NULL,
  `metaTitle` varchar(255) NOT NULL,
  `metaKeywords` varchar(255) NOT NULL,
  `metaDescription` varchar(255) NOT NULL,
  `metaOgTitle` varchar(255) NOT NULL,
  `metaOgType` varchar(255) NOT NULL,
  `metaOgSiteName` varchar(255) NOT NULL,
  `metaOgDescription` varchar(255) NOT NULL,
  `metaOgSection` varchar(255) NOT NULL,
  `metaOgTag` varchar(255) NOT NULL,
  `metaData` text NOT NULL,
  PRIMARY KEY (`id`),
  KEY `idx_published` (`published`),
  KEY `idx_catid` (`category_id`)
) ENGINE=InnoDB AUTO_INCREMENT=28 DEFAULT CHARSET=utf8;

-- ----------------------------
-- Records of content
-- ----------------------------
INSERT INTO `content` VALUES ('1', 'article-1', '1', '1', '2', 'article-1', 'h1-small - article-1', 'h1-Description - article-1', 'Она предупредила его: «В моей стране все переписывается по несколько раз. Единственное, что от меня осталось, это приставка «и». Возвращайся ты лучше в свою безопасную страну». Не послушавшись рукописи, наш текст продолжил свой путь. Вскоре ему повстречался коварный составитель рекламных текстов, напоивший его языком и речью и заманивший в свое агенство, которое использовало его снова и снова в своих проектах. И если его не переписали, то живет он там до сих пор.', '<h1>Jumbotron</h1><p style=\"text-align: center;\" data-mce-style=\"text-align: center;\">Lorem ipsum dolor sit amet, consectetur adipiscing elit. Vestibulum tincidunt est vitae ultrices accumsan. Aliquam ornare lacus adipiscing, posuere lectus et, fringilla augue. Lorem ipsum dolor sit amet, consectetur adipiscing elit. Vestibulum tincidunt est vitae ultrices accumsan. Aliquam ornare lacus adipiscing.</p><h2><strong>Learn more</strong></h2><p>Jumbotron</p><p>Lorem ipsum dolor sit amet, consectetur adipiscing elit. Vestibulum tincidunt est vitae ultrices accumsan. Aliquam ornare lacus adipiscing, posuere lectus et, fringilla augue. Lorem ipsum dolor sit amet, consectetur adipiscing elit. Vestibulum tincidunt est vitae ultrices accumsan. Aliquam ornare lacus adipiscing.</p><p>Learn more</p><p>&nbsp;<img src=\"/images/1/children-01.jpg\" alt=\"\" data-mce-src=\"/images/1/children-01.jpg\" width=\"682\" height=\"384\"><br></p><p>Jumbotron<br>Lorem ipsum dolor sit amet, consectetur adipiscing elit. Vestibulum tincidunt est vitae ultrices accumsan. Aliquam ornare lacus adipiscing, posuere lectus et, fringilla augue. Lorem ipsum dolor sit amet, consectetur adipiscing elit. Vestibulum tincidunt est vitae ultrices accumsan. Aliquam ornare lacus adipiscing.</p><p>Learn more</p><p>&nbsp;<br></p>', '', '2014-11-03 17:07:09', '2014-11-01 21:50:11', '0000-00-00 00:00:00', '15411', 'http://scms.io/images/9/y6.jpg', 'http://scms.io/images/9/thumbnail/y6.jpg', '', 'ru', '{\"readmore\":{\"19\":19,\"9\":9}}', 'Тайтл — Основной заголовок', 'Кейворды если нужны', 'Мета описание', '', '', '', '', '', '', '');
INSERT INTO `content` VALUES ('2', 'article-2', '1', '0', '2', 'article-2', 'h1-small - article-2', 'h1-Description - article-2', 'Она предупредила его: «В моей стране все переписывается по несколько раз. Единственное, что от меня осталось, это приставка «и». Возвращайся ты лучше в свою безопасную страну». Не послушавшись рукописи, наш текст продолжил свой путь. Вскоре ему повстречался коварный составитель рекламных текстов, напоивший его языком и речью и заманивший в свое агенство, которое использовало его снова и снова в своих проектах. И если его не переписали, то живет он там до сих пор.', '<h1>Jumbotron</h1><p style=\"text-align: center;\" data-mce-style=\"text-align: center;\">Lorem ipsum dolor sit amet, consectetur adipiscing elit. Vestibulum tincidunt est vitae ultrices accumsan. Aliquam ornare lacus adipiscing, posuere lectus et, fringilla augue. Lorem ipsum dolor sit amet, consectetur adipiscing elit. Vestibulum tincidunt est vitae ultrices accumsan. Aliquam ornare lacus adipiscing.</p><h2><strong>Learn more</strong></h2><p>Jumbotron</p><p>Lorem ipsum dolor sit amet, consectetur adipiscing elit. Vestibulum tincidunt est vitae ultrices accumsan. Aliquam ornare lacus adipiscing, posuere lectus et, fringilla augue. Lorem ipsum dolor sit amet, consectetur adipiscing elit. Vestibulum tincidunt est vitae ultrices accumsan. Aliquam ornare lacus adipiscing.</p><p>Learn more</p><p></p><p>Jumbotron<br>Lorem ipsum dolor sit amet, consectetur adipiscing elit. Vestibulum tincidunt est vitae ultrices accumsan. Aliquam ornare lacus adipiscing, posuere lectus et, fringilla augue. Lorem ipsum dolor sit amet, consectetur adipiscing elit. Vestibulum tincidunt est vitae ultrices accumsan. Aliquam ornare lacus adipiscing.</p><p>Learn more</p><p></p><p></p>', '', '2014-11-03 17:07:10', '2014-11-02 21:50:11', '0000-00-00 00:00:00', '103', 'http://scms.io/images/2/04.png', 'http://scms.io/images/2/thumbnail/04.png', '', 'ru', '{\"readmore\":{\"19\":19,\"9\":9,\"14\":14}}', 'Тайтл — Основной заголовок', 'Кейворды если нужны', 'Мета описание', '', '', '', '', '', '', '');
INSERT INTO `content` VALUES ('3', 'article-3', '1', '0', '10', 'article-3', 'h1-small - article-3', 'h1-Description - article-3', 'Она предупредила его: «В моей стране все переписывается по несколько раз. Единственное, что от меня осталось, это приставка «и». Возвращайся ты лучше в свою безопасную страну». Не послушавшись рукописи, наш текст продолжил свой путь. Вскоре ему повстречался коварный составитель рекламных текстов, напоивший его языком и речью и заманивший в свое агенство, которое использовало его снова и снова в своих проектах. И если его не переписали, то живет он там до сих пор.', '<h1>Jumbotron</h1><p style=\"text-align: center;\" data-mce-style=\"text-align: center;\">Lorem ipsum dolor sit amet, consectetur adipiscing elit. Vestibulum tincidunt est vitae ultrices accumsan. Aliquam ornare lacus adipiscing, posuere lectus et, fringilla augue. Lorem ipsum dolor sit amet, consectetur adipiscing elit. Vestibulum tincidunt est vitae ultrices accumsan. Aliquam ornare lacus adipiscing.</p><h2><strong>Learn more</strong></h2><p>Jumbotron</p><p>Lorem ipsum dolor sit amet, consectetur adipiscing elit. Vestibulum tincidunt est vitae ultrices accumsan. Aliquam ornare lacus adipiscing, posuere lectus et, fringilla augue. Lorem ipsum dolor sit amet, consectetur adipiscing elit. Vestibulum tincidunt est vitae ultrices accumsan. Aliquam ornare lacus adipiscing.</p><p>Learn more</p><p></p><p>Jumbotron<br>Lorem ipsum dolor sit amet, consectetur adipiscing elit. Vestibulum tincidunt est vitae ultrices accumsan. Aliquam ornare lacus adipiscing, posuere lectus et, fringilla augue. Lorem ipsum dolor sit amet, consectetur adipiscing elit. Vestibulum tincidunt est vitae ultrices accumsan. Aliquam ornare lacus adipiscing.</p><p>Learn more</p><p></p><p></p>', '', '2014-11-03 17:07:10', '2014-11-02 21:50:11', '0000-00-00 00:00:00', '126', 'http://scms.io/images/3/UX0VfUTxinw.jpg', 'http://scms.io/images/3/thumbnail/UX0VfUTxinw.jpg', '', 'ru', '{\"readmore\":{\"19\":19,\"9\":9}}', 'Тайтл — Основной заголовок', 'Кейворды если нужны', 'Мета описание', '', '', '', '', '', '', '');
INSERT INTO `content` VALUES ('4', 'article-4', '1', '0', '11', 'article-4', 'h1-small - article-4', 'h1-Description - article-4', 'Она предупредила его: «В моей стране все переписывается по несколько раз. Единственное, что от меня осталось, это приставка «и». Возвращайся ты лучше в свою безопасную страну». Не послушавшись рукописи, наш текст продолжил свой путь. Вскоре ему повстречался коварный составитель рекламных текстов, напоивший его языком и речью и заманивший в свое агенство, которое использовало его снова и снова в своих проектах. И если его не переписали, то живет он там до сих пор.', '<h1>Jumbotron</h1><p style=\"text-align: center;\" data-mce-style=\"text-align: center;\">Lorem ipsum dolor sit amet, consectetur adipiscing elit. Vestibulum tincidunt est vitae ultrices accumsan. Aliquam ornare lacus adipiscing, posuere lectus et, fringilla augue. Lorem ipsum dolor sit amet, consectetur adipiscing elit. Vestibulum tincidunt est vitae ultrices accumsan. Aliquam ornare lacus adipiscing.</p><h2><strong>Learn more</strong></h2><p>Jumbotron</p><p>Lorem ipsum dolor sit amet, consectetur adipiscing elit. Vestibulum tincidunt est vitae ultrices accumsan. Aliquam ornare lacus adipiscing, posuere lectus et, fringilla augue. Lorem ipsum dolor sit amet, consectetur adipiscing elit. Vestibulum tincidunt est vitae ultrices accumsan. Aliquam ornare lacus adipiscing.</p><p>Learn more</p><p></p><p>Jumbotron<br>Lorem ipsum dolor sit amet, consectetur adipiscing elit. Vestibulum tincidunt est vitae ultrices accumsan. Aliquam ornare lacus adipiscing, posuere lectus et, fringilla augue. Lorem ipsum dolor sit amet, consectetur adipiscing elit. Vestibulum tincidunt est vitae ultrices accumsan. Aliquam ornare lacus adipiscing.</p><p>Learn more</p><p></p><p></p>', '', '2014-11-03 17:07:11', '2014-11-02 21:50:12', '2016-06-09 16:48:58', '18', 'http://scms.io/images/4/r4.jpg', 'http://scms.io/images/4/thumbnail/r4.jpg', '', 'ru', '{\"readmore\":{\"19\":19,\"9\":9}}', 'Тайтл — Основной заголовок', 'Кейворды если нужны', 'Мета описание', '', '', '', '', '', '', '');
INSERT INTO `content` VALUES ('5', 'article-5', '1', '0', '10', 'article-5', 'h1-small - article-5', 'h1-Description - article-5', 'Она предупредила его: «В моей стране все переписывается по несколько раз. Единственное, что от меня осталось, это приставка «и». Возвращайся ты лучше в свою безопасную страну». Не послушавшись рукописи, наш текст продолжил свой путь. Вскоре ему повстречался коварный составитель рекламных текстов, напоивший его языком и речью и заманивший в свое агенство, которое использовало его снова и снова в своих проектах. И если его не переписали, то живет он там до сих пор.', '<h1>Jumbotron</h1><p style=\"text-align: center;\" data-mce-style=\"text-align: center;\">Lorem ipsum dolor sit amet, consectetur adipiscing elit. Vestibulum tincidunt est vitae ultrices accumsan. Aliquam ornare lacus adipiscing, posuere lectus et, fringilla augue. Lorem ipsum dolor sit amet, consectetur adipiscing elit. Vestibulum tincidunt est vitae ultrices accumsan. Aliquam ornare lacus adipiscing.</p><h2><strong>Learn more</strong></h2><p>Jumbotron</p><p>Lorem ipsum dolor sit amet, consectetur adipiscing elit. Vestibulum tincidunt est vitae ultrices accumsan. Aliquam ornare lacus adipiscing, posuere lectus et, fringilla augue. Lorem ipsum dolor sit amet, consectetur adipiscing elit. Vestibulum tincidunt est vitae ultrices accumsan. Aliquam ornare lacus adipiscing.</p><p>Learn more</p><p></p><p>Jumbotron<br>Lorem ipsum dolor sit amet, consectetur adipiscing elit. Vestibulum tincidunt est vitae ultrices accumsan. Aliquam ornare lacus adipiscing, posuere lectus et, fringilla augue. Lorem ipsum dolor sit amet, consectetur adipiscing elit. Vestibulum tincidunt est vitae ultrices accumsan. Aliquam ornare lacus adipiscing.</p><p>Learn more</p><p></p><p></p>', '', '2014-11-03 17:07:11', '2014-11-02 21:50:12', '0000-00-00 00:00:00', '144', 'http://scms.io/images/5/t5.jpg', 'http://scms.io/images/5/thumbnail/t5.jpg', '', 'ru', '{\"readmore\":{\"19\":19,\"9\":9}}', 'Тайтл — Основной заголовок', 'Кейворды если нужны', 'Мета описание', '', '', '', '', '', '', '');
INSERT INTO `content` VALUES ('7', 'article-6', '1', '1', '20', 'article-6', 'h1-small - article-6', 'h1-Description - article-6', 'Она предупредила его: «В моей стране все переписывается по несколько раз. Единственное, что от меня осталось, это приставка «и». Возвращайся ты лучше в свою безопасную страну». Не послушавшись рукописи, наш текст продолжил свой путь. Вскоре ему повстречался коварный составитель рекламных текстов, напоивший его языком и речью и заманивший в свое агенство, которое использовало его снова и снова в своих проектах. И если его не переписали, то живет он там до сих пор.', '<h1>Jumbotron</h1><p style=\"text-align: center;\" data-mce-style=\"text-align: center;\">Lorem ipsum dolor sit amet, consectetur adipiscing elit. Vestibulum tincidunt est vitae ultrices accumsan. Aliquam ornare lacus adipiscing, posuere lectus et, fringilla augue. Lorem ipsum dolor sit amet, consectetur adipiscing elit. Vestibulum tincidunt est vitae ultrices accumsan. Aliquam ornare lacus adipiscing.</p><h2><strong>Learn more</strong></h2><p>Jumbotron</p><p>Lorem ipsum dolor sit amet, consectetur adipiscing elit. Vestibulum tincidunt est vitae ultrices accumsan. Aliquam ornare lacus adipiscing, posuere lectus et, fringilla augue. Lorem ipsum dolor sit amet, consectetur adipiscing elit. Vestibulum tincidunt est vitae ultrices accumsan. Aliquam ornare lacus adipiscing.</p><p>Learn more</p><p></p><p>Jumbotron<br>Lorem ipsum dolor sit amet, consectetur adipiscing elit. Vestibulum tincidunt est vitae ultrices accumsan. Aliquam ornare lacus adipiscing, posuere lectus et, fringilla augue. Lorem ipsum dolor sit amet, consectetur adipiscing elit. Vestibulum tincidunt est vitae ultrices accumsan. Aliquam ornare lacus adipiscing.</p><p>Learn more</p><p></p><p></p>', '', '2014-11-03 17:03:50', '2014-11-02 21:50:13', '0000-00-00 00:00:00', '2720', 'http://scms.io/images/7/w2.jpg', 'http://scms.io/images/7/thumbnail/w2.jpg', '', 'ru', '{\"readmore\":{\"19\":19,\"9\":9}}', 'Тайтл — Основной заголовок', 'Кейворды если нужны', 'Мета описание', '', '', '', '', '', '', '');
INSERT INTO `content` VALUES ('8', 'article-7', '1', '1', '3', 'article-7', 'h1-small - article-7', 'h1-Description - article-7', 'Она предупредила его: «В моей стране все переписывается по несколько раз. Единственное, что от меня осталось, это приставка «и». Возвращайся ты лучше в свою безопасную страну». Не послушавшись рукописи, наш текст продолжил свой путь. Вскоре ему повстречался коварный составитель рекламных текстов, напоивший его языком и речью и заманивший в свое агенство, которое использовало его снова и снова в своих проектах. И если его не переписали, то живет он там до сих пор.', '<h1>Jumbotron</h1><p style=\"text-align: center;\" data-mce-style=\"text-align: center;\">Lorem ipsum dolor sit amet, consectetur adipiscing elit. Vestibulum tincidunt est vitae ultrices accumsan. Aliquam ornare lacus adipiscing, posuere lectus et, fringilla augue. Lorem ipsum dolor sit amet, consectetur adipiscing elit. Vestibulum tincidunt est vitae ultrices accumsan. Aliquam ornare lacus adipiscing.</p><h2><strong>Learn more</strong></h2><p>Jumbotron</p><p>Lorem ipsum dolor sit amet, consectetur adipiscing elit. Vestibulum tincidunt est vitae ultrices accumsan. Aliquam ornare lacus adipiscing, posuere lectus et, fringilla augue. Lorem ipsum dolor sit amet, consectetur adipiscing elit. Vestibulum tincidunt est vitae ultrices accumsan. Aliquam ornare lacus adipiscing.</p><p>Learn more</p><p></p><p>Jumbotron<br>Lorem ipsum dolor sit amet, consectetur adipiscing elit. Vestibulum tincidunt est vitae ultrices accumsan. Aliquam ornare lacus adipiscing, posuere lectus et, fringilla augue. Lorem ipsum dolor sit amet, consectetur adipiscing elit. Vestibulum tincidunt est vitae ultrices accumsan. Aliquam ornare lacus adipiscing.</p><p>Learn more</p><p></p><p></p>', '', '2014-11-03 17:03:51', '2014-11-03 21:50:13', '0000-00-00 00:00:00', '2077', 'http://scms.io/images/8/05.png', 'http://scms.io/images/8/thumbnail/05.png', '', 'ru', '{\"readmore\":{\"19\":19,\"9\":9}}', 'Тайтл — Основной заголовок', 'Кейворды если нужны', 'Мета описание', '', '', '', '', '', '', '');
INSERT INTO `content` VALUES ('9', 'article-8', '1', '1', '3', 'article-8', 'h1-small - article-8', 'h1-Description - article-8', 'Она предупредила его: «В моей стране все переписывается по несколько раз. Единственное, что от меня осталось, это приставка «и». Возвращайся ты лучше в свою безопасную страну». Не послушавшись рукописи, наш текст продолжил свой путь. Вскоре ему повстречался коварный составитель рекламных текстов, напоивший его языком и речью и заманивший в свое агенство, которое использовало его снова и снова в своих проектах. И если его не переписали, то живет он там до сих пор.', '<h1>Jumbotron</h1><p style=\"text-align: center;\" data-mce-style=\"text-align: center;\">Lorem ipsum dolor sit amet, consectetur adipiscing elit. Vestibulum tincidunt est vitae ultrices accumsan. Aliquam ornare lacus adipiscing, posuere lectus et, fringilla augue. Lorem ipsum dolor sit amet, consectetur adipiscing elit. Vestibulum tincidunt est vitae ultrices accumsan. Aliquam ornare lacus adipiscing.</p><h2><strong>Learn more</strong></h2><p>Jumbotron</p><p>Lorem ipsum dolor sit amet, consectetur adipiscing elit. Vestibulum tincidunt est vitae ultrices accumsan. Aliquam ornare lacus adipiscing, posuere lectus et, fringilla augue. Lorem ipsum dolor sit amet, consectetur adipiscing elit. Vestibulum tincidunt est vitae ultrices accumsan. Aliquam ornare lacus adipiscing.</p><p>Learn more</p><p></p><p>Jumbotron<br>Lorem ipsum dolor sit amet, consectetur adipiscing elit. Vestibulum tincidunt est vitae ultrices accumsan. Aliquam ornare lacus adipiscing, posuere lectus et, fringilla augue. Lorem ipsum dolor sit amet, consectetur adipiscing elit. Vestibulum tincidunt est vitae ultrices accumsan. Aliquam ornare lacus adipiscing.</p><p>Learn more</p><p></p><p></p>', '', '2014-11-03 17:03:53', '2014-11-04 21:50:14', '0000-00-00 00:00:00', '17241', 'http://scms.io/images/19/q1.jpg', 'http://scms.io/images/19/thumbnail/q1.jpg', '', 'ru', '{\"readmore\":{\"19\":19,\"9\":9}}', 'Тайтл — Основной заголовок', 'Кейворды если нужны', 'Мета описание', '', '', '', '', '', '', '');
INSERT INTO `content` VALUES ('10', 'article-9', '1', '0', '10', 'article-9', 'h1-small - article-9', 'h1-Description - article-9', 'Она предупредила его: «В моей стране все переписывается по несколько раз. Единственное, что от меня осталось, это приставка «и». Возвращайся ты лучше в свою безопасную страну». Не послушавшись рукописи, наш текст продолжил свой путь. Вскоре ему повстречался коварный составитель рекламных текстов, напоивший его языком и речью и заманивший в свое агенство, которое использовало его снова и снова в своих проектах. И если его не переписали, то живет он там до сих пор.', '<h1>Jumbotron</h1><p style=\"text-align: center;\" data-mce-style=\"text-align: center;\">Lorem ipsum dolor sit amet, consectetur adipiscing elit. Vestibulum tincidunt est vitae ultrices accumsan. Aliquam ornare lacus adipiscing, posuere lectus et, fringilla augue. Lorem ipsum dolor sit amet, consectetur adipiscing elit. Vestibulum tincidunt est vitae ultrices accumsan. Aliquam ornare lacus adipiscing.</p><h2><strong>Learn more</strong></h2><p>Jumbotron</p><p>Lorem ipsum dolor sit amet, consectetur adipiscing elit. Vestibulum tincidunt est vitae ultrices accumsan. Aliquam ornare lacus adipiscing, posuere lectus et, fringilla augue. Lorem ipsum dolor sit amet, consectetur adipiscing elit. Vestibulum tincidunt est vitae ultrices accumsan. Aliquam ornare lacus adipiscing.</p><p>Learn more</p><p></p><p>Jumbotron<br>Lorem ipsum dolor sit amet, consectetur adipiscing elit. Vestibulum tincidunt est vitae ultrices accumsan. Aliquam ornare lacus adipiscing, posuere lectus et, fringilla augue. Lorem ipsum dolor sit amet, consectetur adipiscing elit. Vestibulum tincidunt est vitae ultrices accumsan. Aliquam ornare lacus adipiscing.</p><p>Learn more</p><p></p><p></p>', '', '2014-11-03 17:03:54', '2014-11-05 21:50:14', '0000-00-00 00:00:00', '1668', 'http://scms.io/images/24/e3.jpg', 'http://scms.io/images/24/thumbnail/e3.jpg', '', 'ru', '{\"readmore\":{\"19\":19,\"9\":9}}', 'Тайтл — Основной заголовок', 'Кейворды если нужны', 'Мета описание', '', '', '', '', '', '', '');
INSERT INTO `content` VALUES ('14', 'article-10', '1', '0', '4', 'article-10', 'h1-small - article-10', 'h1-Description - article-10', 'Она предупредила его: «В моей стране все переписывается по несколько раз. Единственное, что от меня осталось, это приставка «и». Возвращайся ты лучше в свою безопасную страну». Не послушавшись рукописи, наш текст продолжил свой путь. Вскоре ему повстречался коварный составитель рекламных текстов, напоивший его языком и речью и заманивший в свое агенство, которое использовало его снова и снова в своих проектах. И если его не переписали, то живет он там до сих пор.', '<h1>Jumbotron</h1><p style=\"text-align: center;\" data-mce-style=\"text-align: center;\">Lorem ipsum dolor sit amet, consectetur adipiscing elit. Vestibulum tincidunt est vitae ultrices accumsan. Aliquam ornare lacus adipiscing, posuere lectus et, fringilla augue. Lorem ipsum dolor sit amet, consectetur adipiscing elit. Vestibulum tincidunt est vitae ultrices accumsan. Aliquam ornare lacus adipiscing.</p><h2><strong>Learn more</strong></h2><p>Jumbotron</p><p>Lorem ipsum dolor sit amet, consectetur adipiscing elit. Vestibulum tincidunt est vitae ultrices accumsan. Aliquam ornare lacus adipiscing, posuere lectus et, fringilla augue. Lorem ipsum dolor sit amet, consectetur adipiscing elit. Vestibulum tincidunt est vitae ultrices accumsan. Aliquam ornare lacus adipiscing.</p><p>Learn more</p><p></p><p>Jumbotron<br>Lorem ipsum dolor sit amet, consectetur adipiscing elit. Vestibulum tincidunt est vitae ultrices accumsan. Aliquam ornare lacus adipiscing, posuere lectus et, fringilla augue. Lorem ipsum dolor sit amet, consectetur adipiscing elit. Vestibulum tincidunt est vitae ultrices accumsan. Aliquam ornare lacus adipiscing.</p><p>Learn more</p><p></p><p></p>', '', '2014-11-03 17:07:08', '2014-11-02 21:50:15', '0000-00-00 00:00:00', '30', 'http://scms.io/images/4/r4.jpg', 'http://scms.io/images/4/thumbnail/r4.jpg', '', 'ru', '{\"readmore\":{\"19\":19,\"9\":9}}', 'Тайтл — Основной заголовок', 'Кейворды если нужны', 'Мета описание', '', '', '', '', '', '', '');
INSERT INTO `content` VALUES ('18', 'article-11', '1', '0', '1', 'article-11', 'h1-small - article-11', 'h1-Description - article-11', 'Она предупредила его: «В моей стране все переписывается по несколько раз. Единственное, что от меня осталось, это приставка «и». Возвращайся ты лучше в свою безопасную страну». Не послушавшись рукописи, наш текст продолжил свой путь. Вскоре ему повстречался коварный составитель рекламных текстов, напоивший его языком и речью и заманивший в свое агенство, которое использовало его снова и снова в своих проектах. И если его не переписали, то живет он там до сих пор.', '<h1>Jumbotron</h1><p style=\"text-align: center;\" data-mce-style=\"text-align: center;\">Lorem ipsum dolor sit amet, consectetur adipiscing elit. Vestibulum tincidunt est vitae ultrices accumsan. Aliquam ornare lacus adipiscing, posuere lectus et, fringilla augue. Lorem ipsum dolor sit amet, consectetur adipiscing elit. Vestibulum tincidunt est vitae ultrices accumsan. Aliquam ornare lacus adipiscing.</p><h2><strong>Learn more</strong></h2><p>Jumbotron</p><p><img src=\"/images/18/img3.jpg\" alt=\"fsdfsadfasd\" data-mce-src=\"/images/18/img3.jpg\" width=\"798\" height=\"532\"></p><p>Lorem ipsum dolor sit amet, consectetur adipiscing elit. Vestibulum tincidunt est vitae ultrices accumsan. Aliquam ornare lacus adipiscing, posuere lectus et, fringilla augue. Lorem ipsum dolor sit amet, consectetur adipiscing elit. Vestibulum tincidunt est vitae ultrices accumsan. Aliquam ornare lacus adipiscing.</p><p>Learn more</p><p>{{google-ad-center-article}}&nbsp;</p><p>Jumbotron<br>Lorem ipsum dolor sit amet, consectetur adipiscing elit. Vestibulum tincidunt est vitae ultrices accumsan. Aliquam ornare lacus adipiscing, posuere lectus et, fringilla augue. Lorem ipsum dolor sit amet, consectetur adipiscing elit. Vestibulum tincidunt est vitae ultrices accumsan. Aliquam ornare lacus adipiscing.</p><p>Learn more</p><p>&nbsp;</p><p>&nbsp;</p>', 'myfirststat.php', '2014-11-07 21:27:43', '2016-05-08 00:00:00', '2016-02-17 00:00:00', '70', 'http://scms.io/images/5/t5.jpg', 'http://scms.io/images/5/thumbnail/t5.jpg', '', 'ru', '{\"readmore\":{\"19\":19,\"9\":9}}', 'Тайтл — Основной заголовок', 'Кейворды если нужны', 'Мета описание', '', '', '', '', '', '', '');
INSERT INTO `content` VALUES ('19', 'article-12', '1', '0', '11', 'article-12', 'h1-small - article-12', 'h1-Description - article-12', 'Она предупредила его: «В моей стране все переписывается по несколько раз. Единственное, что от меня осталось, это приставка «и». Возвращайся ты лучше в свою безопасную страну». Не послушавшись рукописи, наш текст продолжил свой путь. Вскоре ему повстречался коварный составитель рекламных текстов, напоивший его языком и речью и заманивший в свое агенство, которое использовало его снова и снова в своих проектах. И если его не переписали, то живет он там до сих пор.', '<h1>Jumbotron</h1><p style=\"text-align: center;\" data-mce-style=\"text-align: center;\">Lorem ipsum dolor sit amet, consectetur adipiscing elit. Vestibulum tincidunt est vitae ultrices accumsan. Aliquam ornare lacus adipiscing, posuere lectus et, fringilla augue. Lorem ipsum dolor sit amet, consectetur adipiscing elit. Vestibulum tincidunt est vitae ultrices accumsan. Aliquam ornare lacus adipiscing.</p><h2><strong>Learn more</strong></h2><p>Jumbotron</p><p>Lorem ipsum dolor sit amet, consectetur adipiscing elit. Vestibulum tincidunt est vitae ultrices accumsan. Aliquam ornare lacus adipiscing, posuere lectus et, fringilla augue. Lorem ipsum dolor sit amet, consectetur adipiscing elit. Vestibulum tincidunt est vitae ultrices accumsan. Aliquam ornare lacus adipiscing.</p><p>Learn more</p><p></p><p>Jumbotron<br>Lorem ipsum dolor sit amet, consectetur adipiscing elit. Vestibulum tincidunt est vitae ultrices accumsan. Aliquam ornare lacus adipiscing, posuere lectus et, fringilla augue. Lorem ipsum dolor sit amet, consectetur adipiscing elit. Vestibulum tincidunt est vitae ultrices accumsan. Aliquam ornare lacus adipiscing.</p><p>Learn more</p><p></p><p></p>', '', '2014-11-21 19:25:14', '2016-03-07 00:00:00', '0000-00-00 00:00:00', '186', 'http://scms.io/images/7/w2.jpg', 'http://scms.io/images/7/thumbnail/w2.jpg', '', 'ru', '{\"readmore\":{\"19\":19,\"9\":9}}', 'Тайтл — Основной заголовок', 'Кейворды если нужны', 'Мета описание', '', '', '', '', '', '', '');
INSERT INTO `content` VALUES ('20', 'article-13', '1', '0', '15', 'article-13', 'h1-small - article-13', 'h1-Description - article-13', 'Она предупредила его: «В моей стране все переписывается по несколько раз. Единственное, что от меня осталось, это приставка «и». Возвращайся ты лучше в свою безопасную страну». Не послушавшись рукописи, наш текст продолжил свой путь. Вскоре ему повстречался коварный составитель рекламных текстов, напоивший его языком и речью и заманивший в свое агенство, которое использовало его снова и снова в своих проектах. И если его не переписали, то живет он там до сих пор.', '<h1>Jumbotron</h1><p style=\"text-align: center;\" data-mce-style=\"text-align: center;\">Lorem ipsum dolor sit amet, consectetur adipiscing elit. Vestibulum tincidunt est vitae ultrices accumsan. Aliquam ornare lacus adipiscing, posuere lectus et, fringilla augue. Lorem ipsum dolor sit amet, consectetur adipiscing elit. Vestibulum tincidunt est vitae ultrices accumsan. Aliquam ornare lacus adipiscing.</p><h2><strong>Learn more</strong></h2><p>Jumbotron</p><p>Lorem ipsum dolor sit amet, consectetur adipiscing elit. Vestibulum tincidunt est vitae ultrices accumsan. Aliquam ornare lacus adipiscing, posuere lectus et, fringilla augue. Lorem ipsum dolor sit amet, consectetur adipiscing elit. Vestibulum tincidunt est vitae ultrices accumsan. Aliquam ornare lacus adipiscing.</p><p>Learn more</p><p></p><p>Jumbotron<br>Lorem ipsum dolor sit amet, consectetur adipiscing elit. Vestibulum tincidunt est vitae ultrices accumsan. Aliquam ornare lacus adipiscing, posuere lectus et, fringilla augue. Lorem ipsum dolor sit amet, consectetur adipiscing elit. Vestibulum tincidunt est vitae ultrices accumsan. Aliquam ornare lacus adipiscing.</p><p>Learn more</p><p></p><p></p>', '', '2016-03-08 23:51:04', '2016-03-08 00:00:00', '0000-00-00 00:00:00', '96', 'http://scms.io/images/9/y6.jpg', 'http://scms.io/images/9/thumbnail/y6.jpg', '', 'ru', '{\"readmore\":{\"19\":19,\"9\":9}}', 'Тайтл — Основной заголовок', 'Кейворды если нужны', 'Мета описание', '', '', '', '', '', '', '');
INSERT INTO `content` VALUES ('21', 'article-14', '1', '0', '24', 'article-14', 'h1-small - article-14', 'h1-Description - article-14', 'Она предупредила его: «В моей стране все переписывается по несколько раз. Единственное, что от меня осталось, это приставка «и». Возвращайся ты лучше в свою безопасную страну». Не послушавшись рукописи, наш текст продолжил свой путь. Вскоре ему повстречался коварный составитель рекламных текстов, напоивший его языком и речью и заманивший в свое агенство, которое использовало его снова и снова в своих проектах. И если его не переписали, то живет он там до сих пор.', '<h1>Jumbotron</h1><p style=\"text-align: center;\" data-mce-style=\"text-align: center;\">Lorem ipsum dolor sit amet, consectetur adipiscing elit. Vestibulum tincidunt est vitae ultrices accumsan. Aliquam ornare lacus adipiscing, posuere lectus et, fringilla augue. Lorem ipsum dolor sit amet, consectetur adipiscing elit. Vestibulum tincidunt est vitae ultrices accumsan. Aliquam ornare lacus adipiscing.</p><h2><strong>Learn more</strong></h2><p>Jumbotron</p><p>Lorem ipsum dolor sit amet, consectetur adipiscing elit. Vestibulum tincidunt est vitae ultrices accumsan. Aliquam ornare lacus adipiscing, posuere lectus et, fringilla augue. Lorem ipsum dolor sit amet, consectetur adipiscing elit. Vestibulum tincidunt est vitae ultrices accumsan. Aliquam ornare lacus adipiscing.</p><p>Learn more</p><p></p><p>Jumbotron<br>Lorem ipsum dolor sit amet, consectetur adipiscing elit. Vestibulum tincidunt est vitae ultrices accumsan. Aliquam ornare lacus adipiscing, posuere lectus et, fringilla augue. Lorem ipsum dolor sit amet, consectetur adipiscing elit. Vestibulum tincidunt est vitae ultrices accumsan. Aliquam ornare lacus adipiscing.</p><p>Learn more</p><p></p><p></p>', '', '2016-03-08 23:51:40', '2016-03-09 00:00:00', '0000-00-00 00:00:00', '38', 'http://scms.io/images/19/q1.jpg', 'http://scms.io/images/19/thumbnail/q1.jpg', '', 'ru', '{\"readmore\":{\"19\":19,\"9\":9}}', 'Тайтл — Основной заголовок', 'Кейворды если нужны', 'Мета описание', '', '', '', '', '', '', '');
INSERT INTO `content` VALUES ('22', 'article-15', '1', '0', '20', 'article-15', 'h1-small - article-15', 'h1-Description - article-15', 'Она предупредила его: «В моей стране все переписывается по несколько раз. Единственное, что от меня осталось, это приставка «и». Возвращайся ты лучше в свою безопасную страну». Не послушавшись рукописи, наш текст продолжил свой путь. Вскоре ему повстречался коварный составитель рекламных текстов, напоивший его языком и речью и заманивший в свое агенство, которое использовало его снова и снова в своих проектах. И если его не переписали, то живет он там до сих пор.', '<h1>Jumbotron</h1><p style=\"text-align: center;\" data-mce-style=\"text-align: center;\">Lorem ipsum dolor sit amet, consectetur adipiscing elit. Vestibulum tincidunt est vitae ultrices accumsan. Aliquam ornare lacus adipiscing, posuere lectus et, fringilla augue. Lorem ipsum dolor sit amet, consectetur adipiscing elit. Vestibulum tincidunt est vitae ultrices accumsan. Aliquam ornare lacus adipiscing.</p><h2><strong>Learn more</strong></h2><p>Jumbotron</p><p>Lorem ipsum dolor sit amet, consectetur adipiscing elit. Vestibulum tincidunt est vitae ultrices accumsan. Aliquam ornare lacus adipiscing, posuere lectus et, fringilla augue. Lorem ipsum dolor sit amet, consectetur adipiscing elit. Vestibulum tincidunt est vitae ultrices accumsan. Aliquam ornare lacus adipiscing.</p><p>Learn more</p><p></p><p>Jumbotron<br>Lorem ipsum dolor sit amet, consectetur adipiscing elit. Vestibulum tincidunt est vitae ultrices accumsan. Aliquam ornare lacus adipiscing, posuere lectus et, fringilla augue. Lorem ipsum dolor sit amet, consectetur adipiscing elit. Vestibulum tincidunt est vitae ultrices accumsan. Aliquam ornare lacus adipiscing.</p><p>Learn more</p><p></p><p></p>', '', '2016-03-08 23:54:20', '2016-03-10 00:00:00', '0000-00-00 00:00:00', '49', 'http://scms.io/images/24/e3.jpg', 'http://scms.io/images/24/thumbnail/e3.jpg', '', 'ru', '{\"readmore\":{\"19\":19,\"9\":9}}', 'Тайтл — Основной заголовок', 'Кейворды если нужны', 'Мета описание', '', '', '', '', '', '', '');
INSERT INTO `content` VALUES ('23', 'article-16', '1', '0', '4', 'article-16', 'h1-small - article-16', 'h1-Description - article-16', 'Она предупредила его: «В моей стране все переписывается по несколько раз. Единственное, что от меня осталось, это приставка «и». Возвращайся ты лучше в свою безопасную страну». Не послушавшись рукописи, наш текст продолжил свой путь. Вскоре ему повстречался коварный составитель рекламных текстов, напоивший его языком и речью и заманивший в свое агенство, которое использовало его снова и снова в своих проектах. И если его не переписали, то живет он там до сих пор.', '<h1>Jumbotron</h1><p style=\"text-align: center;\" data-mce-style=\"text-align: center;\">Lorem ipsum dolor sit amet, consectetur adipiscing elit. Vestibulum tincidunt est vitae ultrices accumsan. Aliquam ornare lacus adipiscing, posuere lectus et, fringilla augue. Lorem ipsum dolor sit amet, consectetur adipiscing elit. Vestibulum tincidunt est vitae ultrices accumsan. Aliquam ornare lacus adipiscing.</p><h2><strong>Learn more</strong></h2><p>Jumbotron</p><p>Lorem ipsum dolor sit amet, consectetur adipiscing elit. Vestibulum tincidunt est vitae ultrices accumsan. Aliquam ornare lacus adipiscing, posuere lectus et, fringilla augue. Lorem ipsum dolor sit amet, consectetur adipiscing elit. Vestibulum tincidunt est vitae ultrices accumsan. Aliquam ornare lacus adipiscing.</p><p>Learn more</p><p></p><p>Jumbotron<br>Lorem ipsum dolor sit amet, consectetur adipiscing elit. Vestibulum tincidunt est vitae ultrices accumsan. Aliquam ornare lacus adipiscing, posuere lectus et, fringilla augue. Lorem ipsum dolor sit amet, consectetur adipiscing elit. Vestibulum tincidunt est vitae ultrices accumsan. Aliquam ornare lacus adipiscing.</p><p>Learn more</p><p></p><p></p>', '', '2016-03-08 23:54:21', '2016-03-12 00:00:00', '0000-00-00 00:00:00', '9', 'http://scms.io/images/4/r4.jpg', 'http://scms.io/images/4/thumbnail/r4.jpg', '', 'ru', '{\"readmore\":{\"19\":19,\"9\":9}}', 'Тайтл — Основной заголовок', 'Кейворды если нужны', 'Мета описание', '', '', '', '', '', '', '');
INSERT INTO `content` VALUES ('24', 'article-17', '1', '0', '11', 'article-17', 'h1-small - article-17', 'h1-Description - article-17', 'Она предупредила его: «В моей стране все переписывается по несколько раз. Единственное, что от меня осталось, это приставка «и». Возвращайся ты лучше в свою безопасную страну». Не послушавшись рукописи, наш текст продолжил свой путь. Вскоре ему повстречался коварный составитель рекламных текстов, напоивший его языком и речью и заманивший в свое агенство, которое использовало его снова и снова в своих проектах. И если его не переписали, то живет он там до сих пор.', '<h1>Jumbotron</h1><p style=\"text-align: center;\" data-mce-style=\"text-align: center;\">Lorem ipsum dolor sit amet, consectetur adipiscing elit. Vestibulum tincidunt est vitae ultrices accumsan. Aliquam ornare lacus adipiscing, posuere lectus et, fringilla augue. Lorem ipsum dolor sit amet, consectetur adipiscing elit. Vestibulum tincidunt est vitae ultrices accumsan. Aliquam ornare lacus adipiscing.</p><h2><strong>Learn more</strong></h2><p>Jumbotron</p><p>Lorem ipsum dolor sit amet, consectetur adipiscing elit. Vestibulum tincidunt est vitae ultrices accumsan. Aliquam ornare lacus adipiscing, posuere lectus et, fringilla augue. Lorem ipsum dolor sit amet, consectetur adipiscing elit. Vestibulum tincidunt est vitae ultrices accumsan. Aliquam ornare lacus adipiscing.</p><p>Learn more</p><p></p><p>Jumbotron<br>Lorem ipsum dolor sit amet, consectetur adipiscing elit. Vestibulum tincidunt est vitae ultrices accumsan. Aliquam ornare lacus adipiscing, posuere lectus et, fringilla augue. Lorem ipsum dolor sit amet, consectetur adipiscing elit. Vestibulum tincidunt est vitae ultrices accumsan. Aliquam ornare lacus adipiscing.</p><p>Learn more</p><p></p><p></p>', '', '2016-03-08 23:55:46', '2016-03-15 00:00:00', '0000-00-00 00:00:00', '9', 'http://scms.io/images/5/t5.jpg', 'http://scms.io/images/5/thumbnail/t5.jpg', '', 'ru', '{\"readmore\":{\"19\":19,\"9\":9}}', 'Тайтл — Основной заголовок', 'Кейворды если нужны', 'Мета описание', '', '', '', '', '', '', '');
INSERT INTO `content` VALUES ('25', 'article-18', '1', '0', '30', 'article-18', 'h1-small - article-18', 'h1-Description - article-18', 'Она предупредила его: «В моей стране все переписывается по несколько раз. Единственное, что от меня осталось, это приставка «и». Возвращайся ты лучше в свою безопасную страну». Не послушавшись рукописи, наш текст продолжил свой путь. Вскоре ему повстречался коварный составитель рекламных текстов, напоивший его языком и речью и заманивший в свое агенство, которое использовало его снова и снова в своих проектах. И если его не переписали, то живет он там до сих пор.', '<div class=\"about_seminar\"><p>&nbsp; <br> &nbsp; <br> Где взять дополнительный трафик? С этой проблемой рано или поздно сталкивается каждый рекламодатель. В <a href=\"http://webpromoexperts.com.ua/blog/kak-uvelichit-otdachu-ot-kontekstnoj-reklamy-kogda-vse-noyut-pro-krizis/\" target=\"_blank\" data-mce-href=\"http://webpromoexperts.com.ua/blog/kak-uvelichit-otdachu-ot-kontekstnoj-reklamy-kogda-vse-noyut-pro-krizis/\">предыдущей статье</a> мы разобрали несколько стратегий по увеличению отдачи от контекстной рекламы. При этом получили отклики в духе «Ребята, методика годится только для Яндекса. В Google AdWords такой номер не пройдет!» Спокойствие, только спокойствие) <br> &nbsp; <br> В этой статье вы увидите как правильно использовать околоцелевой трафик в Google AdWords, чтобы расширить охват аудитории и снизить цену клика без потери качества лидов. <br> &nbsp; <br> &nbsp;</p>{{snippet-toc}}<h2><strong>Что такое околоцелевой трафик и что он дает</strong></h2><p>&nbsp; <br> Во-первых, коммерческих запросов с приставками «купить», «доставка», «установка», «цена» мало. Если у вас узкий ассортимент, а тем более один товар или услуга, целевых ключевиков наберется от силы 300-400. К тому же, в конкурентных нишах (мебель, пластиковые окна, натяжные потолки) цена клика такова, что реклама едва «отбивается». <br> &nbsp; <br> Во-вторых, есть ниши, в которых вообще непонятно, где брать целевую семантику. Однажды к нам пришли разработчики приложения, сохраняющего зрение у детей за компьютером. Прямых запросов для продукта — ноль. <br> &nbsp; <br> Вот здесь и выручает околоцелевой трафик. В первую очередь это ключевые слова, связанные с выбором товара или выбором способа решения потребности. Например, «Как выбрать шкаф», «Как сбросить лишний вес», «Как сохранить зрение у ребенка» и т.д. <br> &nbsp; <br> На этом этапе у пользователя нет прямого намерения купить, он просто «сканирует» информацию. Рекламу вместе с SEO-выдачей. <br> &nbsp; <br> Конверсия по таким объявлениям гораздо ниже. При этом с околоцелевым трафиком можно и нужно работать. Его много, и он очень дешевый — по информационным запросам нет конкуренции. <br> &nbsp; <br> Однако здесь две проблемы: AdWords не вызывает показ объявлений по ключевикам с низкой частотностью + может заблокировать рекламную кампанию при несоответствии объявлений и посадочной страницы. <br> &nbsp; <br> Для начала разберемся с ключевыми словами: как их правильно подбирать и структурировать. <br> &nbsp; <br> &nbsp;</p><h2><strong>Особенности семантики в Google AdWords</strong></h2><p>&nbsp; <br> Во-первых, частотность информационных запросов гораздо ниже, а AdWords предпочитает не работать с низкочастотниками. Если фразу вводят менее 10 пользователей Google в месяц, он не показывает объявление по этой фразе: <br> &nbsp; <br> <a class=\"thickbox no_icon\" title=\"Скриншот из кампании по продаже телекоммуникационного оборудования.\" href=\"http://webpromoexperts.com.ua/blog/wp-content/uploads/2016/04/image03.png\" rel=\"gallery-11274\" data-mce-href=\"http://webpromoexperts.com.ua/blog/wp-content/uploads/2016/04/image03.png\"><img class=\"aligncenter size-full wp-image-11275\" src=\"http://webpromoexperts.com.ua/blog/wp-content/uploads/2016/04/image03.png\" alt=\"Скриншот из кампании по продаже телекоммуникационного оборудования.\" width=\"695\" data-mce-src=\"http://webpromoexperts.com.ua/blog/wp-content/uploads/2016/04/image03.png\"></a> <br> <em>Скриншот из кампании по продаже телекоммуникационного оборудования. Запросы — названия моделей шкафов под аппаратуру </em> <br> &nbsp; <br> Здесь подобраны слишком узкие запросы, поэтому большинство из них AdWords не допустит к показам. Расширение семантики за счет моделей и артикулов товаров, в отличие от Яндекса, в Гугле не пройдет. <br> &nbsp; <br> <strong>Что делать:</strong> группировать низкочастотники с более конкурентными запросами, подходящими по смыслу. <br> &nbsp; <br> Скриншот одной из групп объявлений, где у ключевиков разные статусы: <br> &nbsp; <br> <a class=\"thickbox no_icon\" title=\"разные статусы ключевых запросов\" href=\"http://webpromoexperts.com.ua/blog/wp-content/uploads/2016/04/image08.png\" rel=\"gallery-11274\" data-mce-href=\"http://webpromoexperts.com.ua/blog/wp-content/uploads/2016/04/image08.png\"><img class=\"aligncenter size-full wp-image-11277\" src=\"http://webpromoexperts.com.ua/blog/wp-content/uploads/2016/04/image08.png\" alt=\"разные статусы ключевых запросов\" width=\"690\" data-mce-src=\"http://webpromoexperts.com.ua/blog/wp-content/uploads/2016/04/image08.png\"></a> <br> &nbsp; <br> &nbsp;</p><h2><strong>Как делать группировку объявлений</strong></h2><p>&nbsp; <br> Принцип группировки — общая потребность, когда вы понимаете, что пользователи формулируют одну и ту же цель разными словами. Например: «Шерстяное одеяло», «Одеяло из шерсти», «Купить шерстяное одеяло» объединяем в одну группу. <br> &nbsp; <br> А вот серверные платформы Intel (на скриншоте) мы бы разделили на товарные («Сервер Intel») и ценовые ключевики («Сервер Intel цена»). Это разные интересы и разные акценты в тексте объявлений. В первом случае предлагаем тестирование, консультацию инженера, настройку. Во втором — бонусы, скидки и т.д. <br> &nbsp; <br> <strong>Пример по околоцелому трафику</strong> <br> &nbsp; <br> В рекламной кампании по продаже женских тренингов мы взяли запросы на уровне проблемы — для чего женщины посещают эти мероприятия — «Ушел муж», «Как чувствовать себя уверенно», «Как выглядеть привлекательно для мужчин» и т.д.</p><div id=\"ctrlcopy\" style=\"position: absolute; left: -99999px;\" data-mce-style=\"position: absolute; left: -99999px;\">Подробнее: <a href=\"http://webpromoexperts.com.ua/blog/okolocelevoj-trafik-v-google-adwords-instrukciya-po-primeneniyu/\" data-mce-href=\"http://webpromoexperts.com.ua/blog/okolocelevoj-trafik-v-google-adwords-instrukciya-po-primeneniyu/\">http://webpromoexperts.com.ua/blog/okolocelevoj-trafik-v-google-adwords-instrukciya-po-primeneniyu/</a></div><p>&nbsp; <br> Для примера 2 группы по потребностям: <br> &nbsp;</p><ol><ol>&nbsp;</ol></ol><p>&nbsp;</p><ol><li>«Как управлять мужчиной»; <br> &nbsp;<p>&nbsp;</p><ul><ul>&nbsp;</ul></ul><p>&nbsp;</p><ul><ul><li>«Как стать хозяйкой в доме»;</li><li>«Как обращаться с парнями».</li></ul></ul><p>&nbsp;</p><p>&nbsp;</p></li><li>«Как пережить расставание»; <br> &nbsp;<p>&nbsp;</p><ul><ul>&nbsp;</ul></ul><p>&nbsp;</p><ul><ul><li>«Как пережить развод»;</li><li>«Как забыть человека».</li></ul></ul><p>&nbsp;</p><p>&nbsp;</p></li></ol><p>&nbsp; <br> Для интереса посмотрите статистику по Украине (прогноз в «Планировщике ключевых слов»): <br> <a class=\"thickbox no_icon\" title=\"варианты групп объявлений и  ключевых слов\" href=\"http://webpromoexperts.com.ua/blog/wp-content/uploads/2016/04/image07.jpg\" rel=\"gallery-11274\" data-mce-href=\"http://webpromoexperts.com.ua/blog/wp-content/uploads/2016/04/image07.jpg\"><img class=\"aligncenter size-full wp-image-11279\" src=\"http://webpromoexperts.com.ua/blog/wp-content/uploads/2016/04/image07.jpg\" alt=\"варианты групп объявлений и  ключевых слов\" width=\"461\" height=\"238\" data-mce-src=\"http://webpromoexperts.com.ua/blog/wp-content/uploads/2016/04/image07.jpg\"></a> <br> &nbsp; <br> А потом конкуренцию. Вы сильно удивитесь) <br> &nbsp; <br> <strong>Важный момент:</strong> безнадежные фразы с очень низкой частотностью (1-3 в месяц) отсекайте на этапе планирования кампании, с помощью <a class=\"external\" href=\"https://adwords.google.ru/keywordplanner\" target=\"_blank\" rel=\"nofollow\" data-mce-href=\"https://adwords.google.ru/keywordplanner\">Планировщика ключевых слов AdWords</a>. Если только вы не уверены, что по конкретному словосочетанию трафик скоро вырастет (сезонность, тренды, рост спроса). <br> &nbsp; <br> Все остальное запускайте — на практике будет ясно, что работает, а что можно выкинуть. Для этого рекомендуем <a class=\"external\" href=\"https://support.google.com/adwords/answer/2472708?hl=ru\" target=\"_blank\" rel=\"nofollow\" data-mce-href=\"https://support.google.com/adwords/answer/2472708?hl=ru\">Отчет по поисковым запросам.</a> Он показывает реальную картину — по каким конкретно запросам к вам приходят пользователи, какие запросы вызвали показы объявлений и клики. <br> &nbsp; <br> Наверняка вы обнаружите фразы, о которых даже не подозревали. При том, что у них хорошая частотность, ноль конкурентов и цена клика на уровне «одноцента». <br> &nbsp;</p><h2><strong>Релевантность посадочной страницы</strong></h2><p>&nbsp; <br> Google AdWords строго следит, чтобы контент посадочной страницы соответствовал содержанию рекламных объявлений. Иначе — блокировка всей кампании. Вплоть до того, что когда вы указываете в рекламе специальные цены или акции, на лендинге должны быть именно эти условия. <br> &nbsp; <br> С околоцелевыми ключевиками можно уйти от основного месседжа кампании и нарваться на бан. Поэтому ассоциативные запросы в AdWords (предложение смежных товаров — скажем, стройматериалов по запросу «Пластиковые окна») — практически «дохлый номер». <br> &nbsp; <br> При этом не стоит бояться сделать шаг в сторону. Просто соблюдайте смысловое соответствие. Как в примере с женскими тренингами, где вообще была одна посадочная страница с кратким описанием программ. <br> &nbsp; <br> Как выход — создавать целевую страницу под каждый тип ключевых слов. Кто-то даже под каждую группу объявлений советует делать отдельный лендинг. В идеале так и должно быть. Только с технической точки зрения хлопот не оберетесь. Сложно и долго настраивать, сложно управлять, сложно анализировать результаты. <br> &nbsp; <br> Вот такие проблемы с рекламой в Google AdWords, когда вы захватываете околоцелевой трафик. И вот как мы решили их в кампании по продаже франшиз аквариумов-автоматов. <br> &nbsp; <br> &nbsp;</p><h2><strong>Как расширить охват аудитории и получить в 6 раз больше заявок с помощью околоцелевого трафика</strong></h2><p>&nbsp; <br> 1,5 месяца назад к нам обратилась компания по продаже франшизы на развлекательные аквариумы-автоматы. Востребованная у целевой аудитории и сложная для продвижения тема. Прямые запросы «Купить франшизу», «Готовый бизнес», «Купить бизнес» в контексте дорогие, а в SEO-выдаче пробиться по ним в ТОП долго и сложно. <br> &nbsp; <br> Группа запросов «Вендинговые автоматы» — не проходит по ценовому критерию аудитории, поскольку аквариумы стоят примерно в 4 раза дороже продуктовых автоматов. <br> &nbsp; <br> Прямые запросы «Аквариумы-автоматы» — это низкочастотники, по которым рекламироваться нет смысла, тем более, что их всего 4-5, в различных словоформах. <br> &nbsp; <br> Задача — сделать контекстную рекламу основным каналом получения заявок, для этого расширить охват аудитории. <br> &nbsp; <br> <strong>Что было</strong> <br> &nbsp; <br> Кампании в Директе и AdWords по 19 (!) запросам в сегментах «Вендинг франшиза» и «Купить бизнес». Примерно 940 переходов, 44 заявки в месяц. <br> &nbsp; <br> Оригинальный вариант страницы под все запросы: <br> <a class=\"thickbox no_icon\" title=\"под все запросы\" href=\"http://webpromoexperts.com.ua/blog/wp-content/uploads/2016/04/image01.jpg\" rel=\"gallery-11274\" data-mce-href=\"http://webpromoexperts.com.ua/blog/wp-content/uploads/2016/04/image01.jpg\"><img class=\"aligncenter size-full wp-image-11287\" src=\"http://webpromoexperts.com.ua/blog/wp-content/uploads/2016/04/image01.jpg\" alt=\"под все запросы\" width=\"690\" data-mce-src=\"http://webpromoexperts.com.ua/blog/wp-content/uploads/2016/04/image01.jpg\"></a> <br> &nbsp; <br> <strong>Что сделали</strong> <br> &nbsp; <br> Важный момент: специалисты компании все делали своими руками. Мы лишь дали инструмент и консультировали в процессе настройки и ведения. <br> &nbsp; <br> 1) Настроили новую рекламную кампанию, для которой взяли сегменты «Начать бизнес», «Идеи бизнеса», «Куда вложить деньги». Информационные запросы в первую очередь, когда пользователь еще размышляет, ищет решение. <br> &nbsp; <br> Например, в сегменте «Начать бизнес» это запросы: <br> &nbsp;</p></div>', '', '2016-03-08 23:55:47', '2016-03-19 00:00:00', '0000-00-00 00:00:00', '81', 'http://scms.io/images/9/y6.jpg', 'http://scms.io/images/9/thumbnail/y6.jpg', '', 'ru', '{\"readmore\":{\"19\":19,\"9\":9}}', 'Тайтл — Основной заголовок', 'Кейворды если нужны', 'Мета описание', '', '', '', '', '', '', '');
INSERT INTO `content` VALUES ('26', 'article-19', '1', '0', '3', 'article-19', 'h1-small - article-19', 'h1-Description - article-19', 'Она предупредила его: «В моей стране все переписывается по несколько раз. Единственное, что от меня осталось, это приставка «и». Возвращайся ты лучше в свою безопасную страну». Не послушавшись рукописи, наш текст продолжил свой путь. Вскоре ему повстречался коварный составитель рекламных текстов, напоивший его языком и речью и заманивший в свое агенство, которое использовало его снова и снова в своих проектах. И если его не переписали, то живет он там до сих пор.', '<h1>Jumbotron</h1><p style=\"text-align: center;\" data-mce-style=\"text-align: center;\">Lorem ipsum dolor sit amet, consectetur adipiscing elit. Vestibulum tincidunt est vitae ultrices accumsan. Aliquam ornare lacus adipiscing, posuere lectus et, fringilla augue. Lorem ipsum dolor sit amet, consectetur adipiscing elit. Vestibulum tincidunt est vitae ultrices accumsan. Aliquam ornare lacus adipiscing.</p><p style=\"text-align: left;\" data-mce-style=\"text-align: left;\"><img src=\"/images/26/risovach.ru_.jpg\" alt=\"\" data-mce-src=\"/images/26/risovach.ru_.jpg\" width=\"245\" height=\"270\"><strong>Learn more</strong>Jumbotron&nbsp;Lorem ipsum dolor sit amet, consectetur adipiscing elit. Vestibulum tincidunt est vitae ultrices accumsan. Aliquam ornare lacus adipiscing, posuere lectus et, fringilla augue. Lorem ipsum dolor sit amet, consectetur adipiscing elit. Vestibulum tincidunt est vitae ultrices accumsan. Aliquam ornare lacus adipiscing.</p><p>Learn more</p><p>&nbsp;<br></p><p>Jumbotron<br>Lorem ipsum dolor sit amet, consectetur adipiscing elit. Vestibulum tincidunt est vitae ultrices accumsan. Aliquam ornare lacus adipiscing, posuere lectus et, fringilla augue. Lorem ipsum dolor sit amet, consectetur adipiscing elit. Vestibulum tincidunt est vitae ultrices accumsan. Aliquam ornare lacus adipiscing.</p><p>Learn more</p><p>&nbsp;<br></p><p>&nbsp;<br></p>', '', '2016-03-08 23:55:49', '2016-05-08 00:00:00', '0000-00-00 00:00:00', '19', 'http://scms.io/images/26/risovach.ru.jpg', 'http://scms.io/images/26/thumbnail/risovach.ru.jpg', '', 'ru', '{\"readmore\":{\"19\":19,\"9\":9}}', 'Тайтл — Основной заголовок', 'Кейворды если нужны', 'Мета описание', '', '', '', '', '', '', '');
INSERT INTO `content` VALUES ('27', 'article-20', '1', '0', '3', 'article-20', 'h1-small - article-20', 'h1-Description - article-20', 'Она предупредила его: «В моей стране все переписывается по несколько раз. Единственное, что от меня осталось, это приставка «и». Возвращайся ты лучше в свою безопасную страну». Не послушавшись рукописи, наш текст продолжил свой путь. Вскоре ему повстречался коварный составитель рекламных текстов, напоивший его языком и речью и заманивший в свое агенство, которое использовало его снова и снова в своих проектах. И если его не переписали, то живет он там до сих пор.', '<h1>Jumbotron</h1><p style=\"text-align: center;\" data-mce-style=\"text-align: center;\">Lorem ipsum dolor sit amet, consectetur adipiscing elit. Vestibulum tincidunt est vitae ultrices accumsan. Aliquam ornare lacus adipiscing, posuere lectus et, fringilla augue. Lorem ipsum dolor sit amet, consectetur adipiscing elit. Vestibulum tincidunt est vitae ultrices accumsan. Aliquam ornare lacus adipiscing.</p><h2><strong>Learn more</strong></h2><p>Jumbotron</p><p>Lorem ipsum dolor sit amet, consectetur adipiscing elit. Vestibulum tincidunt est vitae ultrices accumsan. Aliquam ornare lacus adipiscing, posuere lectus et, fringilla augue. Lorem ipsum dolor sit amet, consectetur adipiscing elit. Vestibulum tincidunt est vitae ultrices accumsan. Aliquam ornare lacus adipiscing.</p><p>Learn more</p><p></p><p>Jumbotron<br>Lorem ipsum dolor sit amet, consectetur adipiscing elit. Vestibulum tincidunt est vitae ultrices accumsan. Aliquam ornare lacus adipiscing, posuere lectus et, fringilla augue. Lorem ipsum dolor sit amet, consectetur adipiscing elit. Vestibulum tincidunt est vitae ultrices accumsan. Aliquam ornare lacus adipiscing.</p><p>Learn more</p><p></p><p></p>', '', '2016-03-09 18:48:58', '2016-03-28 00:00:00', '0000-00-00 00:00:00', '3', 'http://scms.io/images/27/13781860_610699529111571_3254693116072546579_n%281%29%281%29%281%29.jpg', 'http://scms.io/images/27/thumbnail/13781860_610699529111571_3254693116072546579_n%281%29%281%29%281%29.jpg', '', 'en', '{\"readmore\":{\"19\":19,\"9\":9}}', 'Тайтл — Основной заголовок', 'Кейворды если нужны', 'Мета описание', '', '', '', '', '', '', '');

-- ----------------------------
-- Table structure for extension
-- ----------------------------
DROP TABLE IF EXISTS `extension`;
CREATE TABLE `extension` (
  `id` int(11) NOT NULL AUTO_INCREMENT,
  `title` varchar(255) NOT NULL,
  `type` varchar(50) NOT NULL,
  `fileName` varchar(255) NOT NULL,
  `function` varchar(255) DEFAULT NULL,
  `published` tinyint(1) NOT NULL,
  `params` text NOT NULL,
  PRIMARY KEY (`id`),
  KEY `element` (`fileName`),
  KEY `element_folder` (`fileName`,`published`),
  KEY `extension` (`type`,`fileName`,`published`)
) ENGINE=InnoDB AUTO_INCREMENT=21 DEFAULT CHARSET=utf8;

-- ----------------------------
-- Records of extension
-- ----------------------------
INSERT INTO `extension` VALUES ('1', 'Static', 'component', 'static_one', 'comStaticPageCtrl', '1', '');
INSERT INTO `extension` VALUES ('2', 'Article', 'component', 'article_one', 'comArticleOnePageCtrl', '0', '');
INSERT INTO `extension` VALUES ('3', 'Articles', 'component', 'article_list', 'comArticleListPageCtrl', '0', '');
INSERT INTO `extension` VALUES ('4', 'Category', 'component', 'category_one', 'comCategoryOnePageCtrl', '1', '');
INSERT INTO `extension` VALUES ('5', 'CategoryType', 'component', 'category_list', 'comCategoryListPageCtrl', '1', '');
INSERT INTO `extension` VALUES ('6', 'Only file', 'component', 'only_file', 'comOnlyFilePageCtrl', '1', '');
INSERT INTO `extension` VALUES ('7', 'Post request', 'component', 'post_request', 'comPostRequestPageCtrl', '0', '');
INSERT INTO `extension` VALUES ('8', 'SitemapXML', 'component', 'sitemap-xml', 'comSitemapXLMPageCtrl', '0', '');
INSERT INTO `extension` VALUES ('9', 'Table of Content', 'module', 'toc', null, '1', '');
INSERT INTO `extension` VALUES ('10', 'Полезные ссылки', 'module', 'link-useful', null, '1', '');
INSERT INTO `extension` VALUES ('11', 'Советуем почитать', 'module', 'readmore', null, '0', '');
INSERT INTO `extension` VALUES ('12', 'Custom HTML', 'module', 'custom-html', null, '0', '');
INSERT INTO `extension` VALUES ('13', 'Избранное', 'module', 'link-favorite', null, '1', '');
INSERT INTO `extension` VALUES ('14', 'Подписка', 'module', 'subscribe', null, '0', '');
INSERT INTO `extension` VALUES ('15', 'Комментарии', 'module', 'comment', null, '0', '');
INSERT INTO `extension` VALUES ('16', 'Menu', 'module', 'menu', null, '1', '');
INSERT INTO `extension` VALUES ('17', 'Хлебные крошки', 'module', 'breadcrumb', null, '1', '');
INSERT INTO `extension` VALUES ('18', 'Новые публикаци', 'module', 'link-latest', null, '1', '');
INSERT INTO `extension` VALUES ('19', 'External Link', 'component', 'external_link', 'comExternalLinkPageCtrl', '1', '');
INSERT INTO `extension` VALUES ('20', 'Snippet', 'module', 'snippet', null, '1', '');

-- ----------------------------
-- Table structure for menu
-- ----------------------------
DROP TABLE IF EXISTS `menu`;
CREATE TABLE `menu` (
  `id` int(11) NOT NULL AUTO_INCREMENT,
  `menutype_id` int(11) NOT NULL DEFAULT '1',
  `extension_id` int(11) NOT NULL DEFAULT '2' COMMENT 'The type of link: Component, URL, Alias, Separator',
  `category_id` int(11) NOT NULL DEFAULT '0',
  `link_id` int(11) unsigned NOT NULL DEFAULT '0' COMMENT 'FK to #__extensions.id',
  `title` varchar(255) NOT NULL COMMENT 'The display title of the menu item.',
  `alias` varchar(255) CHARACTER SET utf8 COLLATE utf8_bin DEFAULT NULL COMMENT 'The SEF alias of the menu item.',
  `path` varchar(1024) DEFAULT '' COMMENT 'The computed path of the menu item based on the alias field.',
  `method` varchar(1024) DEFAULT 'GET' COMMENT 'The actually link the menu item refers to.',
  `lang` varchar(32) NOT NULL DEFAULT 'ru',
  `published` tinyint(1) DEFAULT '0' COMMENT 'The published state of the menu link.',
  `img` varchar(255) DEFAULT NULL COMMENT 'The image of the menu item.',
  `home` tinyint(1) unsigned DEFAULT '0' COMMENT 'Indicates if this menu item is the home or default page.',
  `params` text COMMENT 'JSON encoded data for the menu item.',
  PRIMARY KEY (`id`),
  KEY `idx_componentid` (`link_id`,`menutype_id`,`published`),
  KEY `idx_menutype` (`menutype_id`),
  KEY `idx_alias` (`alias`),
  KEY `idx_path` (`path`(255))
) ENGINE=InnoDB AUTO_INCREMENT=57 DEFAULT CHARSET=utf8;

-- ----------------------------
-- Records of menu
-- ----------------------------
INSERT INTO `menu` VALUES ('1', '0', '0', '0', '0', 'Root', 'root', '', '', 'ru', '0', null, '0', null);
INSERT INTO `menu` VALUES ('4', '5', '4', '3', '0', 'Статьи', 'stati', '/stati/', 'GET', 'ru', '1', null, '0', '{\"fileName\":\"\"}');
INSERT INTO `menu` VALUES ('9', '5', '1', '0', '2', 'Подписка', 'podpiska', '/stati/podpiska/', 'GET', 'ru', '1', null, '0', '{\"fileName\":\"\"}');
INSERT INTO `menu` VALUES ('10', '5', '19', '0', '0', 'Задать вопрос', 'https://sofona.com', '/asking/', 'GET', 'ru', '1', null, '0', null);
INSERT INTO `menu` VALUES ('11', '5', '1', '0', '0', 'Комментарии', 'comment', '/comment/', 'GET', 'ru', '1', null, '0', null);
INSERT INTO `menu` VALUES ('12', '5', '4', '11', '0', 'Окна', 'okna', '/okna/', 'GET', 'ru', '1', null, '0', null);
INSERT INTO `menu` VALUES ('13', '5', '5', '3', '0', 'Строительство', 'stroitelstvo', '/stroitelstvo/', 'GET', 'ru', '1', null, '0', null);
INSERT INTO `menu` VALUES ('14', '5', '1', '0', '22', 'Контакты', 'contacts', '/contacts/', 'GET', 'ru', '1', null, '0', null);
INSERT INTO `menu` VALUES ('15', '5', '4', '4', '0', 'Новости', 'news', '/news/', 'GET', 'ru', '1', null, '0', null);
INSERT INTO `menu` VALUES ('19', '5', '1', '0', '14', 'Отменить подписку', 'unsubscribe', '/unsubscribe/', 'GET', 'ru', null, null, '0', null);
INSERT INTO `menu` VALUES ('29', '5', '6', '0', '18', 'Больше статей', 'articles-more', '/articles-more/', 'GET', 'ru', '1', null, '0', null);
INSERT INTO `menu` VALUES ('30', '5', '1', '0', '18', 'Задать вопрос', 'asking-do', '/asking-do/', 'GET', 'ru', '1', null, '0', '{\"fileName\":\"\"}');
INSERT INTO `menu` VALUES ('46', '5', '6', '0', '0', 'Sofona.com', 'sofona', '/sofona/', 'GET', 'ru', '1', null, '0', '{\"fileName\":\"myfirststat.php\"}');
INSERT INTO `menu` VALUES ('48', '5', '1', '0', '2', 'TakePro.fit', 'takeprofit', '/takeprofit/', 'GET', 'ru', '1', null, '0', null);
INSERT INTO `menu` VALUES ('49', '6', '1', '0', '27', 'Articles', 'article', '/', 'GET', 'en', '1', null, '1', null);
INSERT INTO `menu` VALUES ('50', '6', '1', '0', '21', 'Partners', 'partners', '/partners/', 'GET', 'en', '1', null, '0', null);
INSERT INTO `menu` VALUES ('51', '6', '4', '4', '0', 'News', 'news', '/news/', 'GET', 'en', '1', null, '0', null);
INSERT INTO `menu` VALUES ('52', '6', '1', '0', '0', '3123123', '3123123', '/3123123/', 'GET', 'en', '1', null, '0', null);
INSERT INTO `menu` VALUES ('53', '6', '1', '0', '0', 'aaaaaaaaa', 'aaaaaaaaa', '/aaaaaaaaa/', 'GET', 'en', '1', null, '0', null);
INSERT INTO `menu` VALUES ('54', '1', '1', '0', '1', 'Главная', 'home', '/', 'GET', 'ru', '1', null, '1', '{\"fileName\":\"\"}');
INSERT INTO `menu` VALUES ('55', '1', '5', '4', '0', 'Категория Дорожные', 'kategoriya-dorozhnye', '/kategoriya-dorozhnye/', 'GET', 'ru', '1', null, '0', null);
INSERT INTO `menu` VALUES ('56', '5', '1', '0', '0', 'fsadfasdf', 'fsdafasd', '/asking-do/fsdafasd/', 'GET', 'ru', '1', null, '0', null);

-- ----------------------------
-- Table structure for menutype
-- ----------------------------
DROP TABLE IF EXISTS `menutype`;
CREATE TABLE `menutype` (
  `id` int(10) unsigned NOT NULL AUTO_INCREMENT,
  `name` varchar(24) NOT NULL,
  `title` varchar(48) NOT NULL,
  `position` varchar(50) DEFAULT 'tech',
  `lang` varchar(4) NOT NULL DEFAULT 'ru',
  `published` tinyint(1) NOT NULL DEFAULT '0',
  `params` text NOT NULL,
  PRIMARY KEY (`id`),
  UNIQUE KEY `idx_menutype` (`name`)
) ENGINE=InnoDB AUTO_INCREMENT=7 DEFAULT CHARSET=utf8;

-- ----------------------------
-- Records of menutype
-- ----------------------------
INSERT INTO `menutype` VALUES ('1', 'tech', 'Technical menu', 'tech', 'ru', '1', '[{\"id\":54},{\"id\":55}]');
INSERT INTO `menutype` VALUES ('4', 'postmenu_en', 'Post EN', 'tech', 'en', '0', 'null');
INSERT INTO `menutype` VALUES ('5', 'mainmenu', 'Main Menu', 'nav-top', 'ru', '1', '[{\"id\":4,\"children\":[{\"id\":9},{\"id\":10,\"children\":[{\"id\":11}]}]},{\"id\":12},{\"id\":13},{\"id\":14},{\"id\":15},{\"id\":19},{\"id\":29},{\"id\":30,\"children\":[{\"id\":56}]},{\"id\":46},{\"id\":48}]');
INSERT INTO `menutype` VALUES ('6', 'mainmenu_en', 'Main Menu EN', 'nav-top', 'en', '1', '[{\"id\":49},{\"id\":50},{\"id\":51},{\"id\":52},{\"id\":53}]');

-- ----------------------------
-- Table structure for module
-- ----------------------------
DROP TABLE IF EXISTS `module`;
CREATE TABLE `module` (
  `id` int(11) NOT NULL AUTO_INCREMENT,
  `extension_id` int(11) DEFAULT NULL,
  `title` varchar(255) DEFAULT NULL,
  `description` varchar(255) DEFAULT NULL,
  `published` tinyint(1) DEFAULT NULL,
  `ordering` int(11) DEFAULT '1',
  `position` varchar(50) NOT NULL,
  `lang` varchar(8) DEFAULT 'ru',
  `view` varchar(255) NOT NULL DEFAULT 'default',
  `visible` varchar(4096) DEFAULT '{"typeVis":1}',
  `params` varchar(4096) DEFAULT '{\n}',
  PRIMARY KEY (`id`)
) ENGINE=MyISAM AUTO_INCREMENT=31 DEFAULT CHARSET=utf8;

-- ----------------------------
-- Records of module
-- ----------------------------
INSERT INTO `module` VALUES ('1', '10', 'Полезные ссылки', 'Модуль выводящий полезные статьи', '1', '1', 'aside-2', 'ru', 'default', '{\"typeVis\":1,\"visArticle\":[],\"primary\":\"menu\"}', '{\"links\":{\"19\":19,\"10\":10,\"24\":24,\"25\":25}}');
INSERT INTO `module` VALUES ('3', '15', 'Оставить комментарий', 'Комментарии оставленные нашими читателями', '0', '1', 'after-content-2', 'ru', 'default', '{\"typeVis\":1}', '{}');
INSERT INTO `module` VALUES ('30', '20', 'Содержание', 'Через снипет', '1', '1', 'snippet-toc', 'ru', 'default', '{\"typeVis\":1}', '{\"snipetContent\":\"&lt;div class=&quot;panel panel-info toc&quot;&gt;&lt;div class=&quot;panel-heading&quot;&gt;Content&lt;\\/div&gt;&lt;\\/div&gt;\"}');
INSERT INTO `module` VALUES ('2', '13', 'Избранные статьи', 'Самые интересные и полезные статьи, которые оценили наши посетители', '1', '1', 'aside-1', 'ru', 'default', '{\"primary\":\"menu\",\"typeVis\":1,\"visMenu\":{\"4\":\"4\",\"15\":\"15\",\"46\":\"46\",\"3\":3},\"visCat\":{\"11\":\"11\",\"12\":\"12\",\"17\":\"17\",\"18\":\"18\"},\"visArticle\":{\"3\":\"3\",\"4\":\"4\",\"14\":\"14\",\"23\":\"23\",\"24\":\"24\",\"1\":1}}', '{}');
INSERT INTO `module` VALUES ('4', '11', 'Советуем почитать', 'Советуем почитать', '1', '1', 'after-content-1', 'ru', 'default', '{\"typeVis\":1}', '{}');
INSERT INTO `module` VALUES ('5', '14', 'E-mail подписка', 'Подписка', '1', '2', 'aside-2', 'ru', 'default', '{\"typeVis\":1}', '{}');
INSERT INTO `module` VALUES ('18', '9', 'Содержание', 'Навигация по статье', null, '1', 'aside-1', 'ru', 'default', '{\"typeVis\":3,\"visArticle\":{\"25\":25},\"primary\":\"article\"}', '{}');
INSERT INTO `module` VALUES ('12', '10', 'Рекомендуем', 'Статьи по теме, подобранные для вас.', '0', '1', 'aside-1', 'ru', 'default', '{\"typeVis\":1}', '{}');
INSERT INTO `module` VALUES ('13', '10', 'Новое в разделе', 'Статьи по теме, подобранные для вас.', '0', '1', 'aside-1', 'ru', 'default', '{\"typeVis\":1}', '{}');
INSERT INTO `module` VALUES ('14', '10', 'Рекомендуем', 'Статьи по теме, подобранные для вас.', '0', '1', 'aside-1', 'ru', 'default', '{\"typeVis\":1}', '{}');
INSERT INTO `module` VALUES ('15', '10', 'Рекомендуем', 'Статьи по теме, подобранные для вас.', '0', '1', 'aside-1', 'ru', 'default', '{\"typeVis\":1}', '{}');
INSERT INTO `module` VALUES ('19', '16', 'Menu', 'Ru', '1', '1', 'nav-top', 'ru', 'default', '{\"typeVis\":1}', '{\"menutype\":5}');
INSERT INTO `module` VALUES ('20', '16', 'Menu', 'En', '1', '1', 'nav-top', 'en', 'default', '{\"typeVis\":1,\"primary\":\"menu\"}', '{\"menutype\":6}');
INSERT INTO `module` VALUES ('21', '16', 'Category Menu', 'ru', '1', '3', 'aside-2', 'ru', 'category', '{\"typeVis\":1,\"primary\":\"menu\",\"visMenu\":{\"30\":30,\"54\":54,\"12\":12},\"visArticle\":{\"21\":21,\"20\":20,\"10\":10,\"8\":8,\"18\":18,\"25\":25},\"visCat\":{\"11\":11,\"23\":23}}', '{\"categorytype\":3}');
INSERT INTO `module` VALUES ('22', '17', 'Breadcrumb', 'Хлебные', '1', '1', 'breadcrumb', 'ru', 'default', '{\"typeVis\":1}', '{\n}');
INSERT INTO `module` VALUES ('29', '18', 'Новые публикации', 'В категории', '1', '2', 'aside-1', 'ru', 'default', '{\"typeVis\":1}', '{\n}');
INSERT INTO `module` VALUES ('27', '16', 'qazxsw', 'qazxsw', '1', '4', 'aside-1', 'ru', 'category', '{\"typeVis\":1}', '{\"categorytype\":4}');

-- ----------------------------
-- Table structure for statistics
-- ----------------------------
DROP TABLE IF EXISTS `statistics`;
CREATE TABLE `statistics` (
  `id` int(11) NOT NULL AUTO_INCREMENT,
  `date` datetime DEFAULT '0000-00-00 00:00:00',
  `ip` varchar(255) DEFAULT NULL,
  `os` text,
  `host` text,
  `page` text,
  PRIMARY KEY (`id`)
) ENGINE=MyISAM AUTO_INCREMENT=2758 DEFAULT CHARSET=utf8;

-- ----------------------------
-- Records of statistics
-- ----------------------------

-- ----------------------------
-- View structure for vAdminModule
-- ----------------------------
DROP VIEW IF EXISTS `vAdminModule`;
CREATE ALGORITHM=UNDEFINED DEFINER=`root`@`%` SQL SECURITY DEFINER VIEW `vAdminModule` AS select `module`.`id` AS `id`,`module`.`extension_id` AS `extension_id`,`extension`.`title` AS `extension_title`,`module`.`title` AS `title`,`module`.`description` AS `description`,`module`.`published` AS `published`,`module`.`ordering` AS `ordering`,`module`.`position` AS `position`,`module`.`lang` AS `lang`,`module`.`view` AS `view`,`module`.`visible` AS `visible`,`module`.`params` AS `params` from (`module` join `extension` on((`module`.`extension_id` = `extension`.`id`))) ;
